Date,Team,Location
2023-10-10,Penguins,
2023-10-13,Penguins,@
2023-10-14,Penguins,
2023-10-18,Penguins,@
2023-10-21,Penguins,@
2023-10-24,Penguins,
2023-10-26,Penguins,
2023-10-28,Penguins,
2023-10-30,Penguins,
2023-11-04,Penguins,@
2023-11-07,Penguins,@
2023-11-09,Penguins,@
2023-11-11,Penguins,
2023-11-14,Penguins,@
2023-11-16,Penguins,
2023-11-18,Penguins,@
2023-11-19,Penguins,
2023-11-22,Penguins,
2023-11-24,Penguins,@
2023-11-25,Penguins,
2023-11-28,Penguins,@
2023-11-30,Penguins,@
2023-12-02,Penguins,
2023-12-04,Penguins,@
2023-12-06,Penguins,@
2023-12-08,Penguins,@
2023-12-12,Penguins,
2023-12-13,Penguins,@
2023-12-16,Penguins,@
2023-12-18,Penguins,
2023-12-21,Penguins,
2023-12-23,Penguins,@
2023-12-27,Penguins,@
2023-12-30,Penguins,
2023-12-31,Penguins,
2024-01-02,Penguins,
2024-01-04,Penguins,@
2024-01-06,Penguins,
2024-01-08,Penguins,@
2024-01-11,Penguins,
2024-01-13,Penguins,@
2024-01-15,Penguins,
2024-01-20,Penguins,@
2024-01-22,Penguins,@
2024-01-26,Penguins,
2024-01-27,Penguins,
2024-02-06,Penguins,
2024-02-09,Penguins,@
2024-02-10,Penguins,@
2024-02-14,Penguins,
2024-02-15,Penguins,@
2024-02-18,Penguins,
2024-02-20,Penguins,
2024-02-22,Penguins,
2024-02-25,Penguins,
2024-02-27,Penguins,@
2024-02-29,Penguins,@
2024-03-02,Penguins,@
2024-03-03,Penguins,@
2024-03-05,Penguins,
2024-03-07,Penguins,
2024-03-09,Penguins,@
2024-03-10,Penguins,
2024-03-12,Penguins,@
2024-03-14,Penguins,
2024-03-16,Penguins,
2024-03-17,Penguins,
2024-03-19,Penguins,@
2024-03-22,Penguins,@
2024-03-24,Penguins,@
2024-03-26,Penguins,
2024-03-28,Penguins,
2024-03-30,Penguins,@
2024-04-01,Penguins,@
2024-04-02,Penguins,@
2024-04-04,Penguins,@
2024-04-06,Penguins,
2024-04-08,Penguins,@
2024-04-11,Penguins,
2024-04-13,Penguins,
2024-04-15,Penguins,
2024-04-17,Penguins,@
2022-10-13,Penguins,
2022-10-15,Penguins,
2022-10-17,Penguins,@
2022-10-20,Penguins,
2022-10-22,Penguins,@
2022-10-24,Penguins,@
2022-10-25,Penguins,@
2022-10-28,Penguins,@
2022-10-29,Penguins,@
2022-11-01,Penguins,
2022-11-02,Penguins,@
2022-11-05,Penguins,
2022-11-09,Penguins,@
2022-11-11,Penguins,@
2022-11-12,Penguins,@
2022-11-15,Penguins,
2022-11-17,Penguins,@
2022-11-19,Penguins,@
2022-11-20,Penguins,@
2022-11-23,Penguins,
2022-11-25,Penguins,@
2022-11-26,Penguins,
2022-11-29,Penguins,
2022-12-01,Penguins,
2022-12-03,Penguins,
2022-12-06,Penguins,
2022-12-09,Penguins,@
2022-12-10,Penguins,
2022-12-12,Penguins,
2022-12-15,Penguins,@
2022-12-18,Penguins,@
2022-12-20,Penguins,
2022-12-22,Penguins,
2022-12-27,Penguins,@
2022-12-28,Penguins,
2022-12-30,Penguins,
2023-01-02,Penguins,@
2023-01-05,Penguins,@
2023-01-08,Penguins,@
2023-01-10,Penguins,
2023-01-13,Penguins,
2023-01-14,Penguins,@
2023-01-16,Penguins,
2023-01-18,Penguins,@
2023-01-20,Penguins,
2023-01-22,Penguins,@
2023-01-24,Penguins,
2023-01-26,Penguins,@
2023-01-28,Penguins,
2023-02-07,Penguins,
2023-02-10,Penguins,@
2023-02-11,Penguins,@
2023-02-14,Penguins,@
2023-02-17,Penguins,@
2023-02-18,Penguins,
2023-02-20,Penguins,
2023-02-23,Penguins,
2023-02-25,Penguins,@
2023-02-26,Penguins,
2023-02-28,Penguins,@
2023-03-02,Penguins,@
2023-03-04,Penguins,@
2023-03-07,Penguins,
2023-03-09,Penguins,
2023-03-11,Penguins,
2023-03-12,Penguins,
2023-03-14,Penguins,
2023-03-16,Penguins,@
2023-03-18,Penguins,@
2023-03-20,Penguins,
2023-03-22,Penguins,@
2023-03-23,Penguins,@
2023-03-25,Penguins,
2023-03-28,Penguins,@
2023-03-30,Penguins,
2023-04-01,Penguins,
2023-04-02,Penguins,
2023-04-04,Penguins,@
2023-04-06,Penguins,
2023-04-08,Penguins,@
2023-04-11,Penguins,
2023-04-13,Penguins,@
2021-10-12,Penguins,@
2021-10-14,Penguins,@
2021-10-16,Penguins,
2021-10-19,Penguins,
2021-10-23,Penguins,
2021-10-26,Penguins,
2021-10-28,Penguins,
2021-10-30,Penguins,
2021-11-04,Penguins,
2021-11-06,Penguins,
2021-11-09,Penguins,@
2021-11-11,Penguins,
2021-11-13,Penguins,@
2021-11-14,Penguins,@
2021-11-16,Penguins,
2021-11-18,Penguins,@
2021-11-20,Penguins,@
2021-11-22,Penguins,@
2021-11-24,Penguins,
2021-11-26,Penguins,@
2021-11-27,Penguins,
2021-11-29,Penguins,@
2021-12-01,Penguins,@
2021-12-04,Penguins,@
2021-12-06,Penguins,@
2021-12-10,Penguins,@
2021-12-11,Penguins,
2021-12-14,Penguins,
2021-12-17,Penguins,
2021-12-19,Penguins,@
2022-01-02,Penguins,
2022-01-05,Penguins,
2022-01-06,Penguins,@
2022-01-08,Penguins,@
2022-01-11,Penguins,@
2022-01-13,Penguins,@
2022-01-15,Penguins,@
2022-01-17,Penguins,@
2022-01-20,Penguins,
2022-01-21,Penguins,@
2022-01-23,Penguins,
2022-01-25,Penguins,
2022-01-27,Penguins,
2022-01-28,Penguins,
2022-01-30,Penguins,
2022-02-01,Penguins,
2022-02-08,Penguins,@
2022-02-10,Penguins,@
2022-02-13,Penguins,@
2022-02-15,Penguins,
2022-02-17,Penguins,@
2022-02-20,Penguins,
2022-02-24,Penguins,
2022-02-26,Penguins,
2022-02-27,Penguins,@
2022-03-03,Penguins,@
2022-03-04,Penguins,@
2022-03-08,Penguins,
2022-03-11,Penguins,
2022-03-13,Penguins,
2022-03-15,Penguins,@
2022-03-17,Penguins,@
2022-03-19,Penguins,@
2022-03-22,Penguins,
2022-03-23,Penguins,@
2022-03-25,Penguins,@
2022-03-27,Penguins,
2022-03-29,Penguins,
2022-03-31,Penguins,@
2022-04-02,Penguins,@
2022-04-05,Penguins,
2022-04-07,Penguins,@
2022-04-09,Penguins,
2022-04-10,Penguins,
2022-04-12,Penguins,@
2022-04-14,Penguins,
2022-04-16,Penguins,@
2022-04-21,Penguins,
2022-04-23,Penguins,@
2022-04-24,Penguins,@
2022-04-26,Penguins,
2022-04-29,Penguins,